n,d,s,bound,time(s)
10,0.5,3,1018.7701763141073,2.2366786003112793
15,0.5,5,2022.8037988633548,16.435190439224243
15,0.8,9,2806.369700861774,31.661858558654785
10,0.2,10,529.3424447644238,2.2539472579956055
10,0.5,2,764.1005018811478,3.6779370307922363
